,tweetsum,positive,negative,neutral,retweet_count,reply_count,like_count,quote_count,media_link,Total Tweet Count
Pearson USD,0.9158904945446654,0.9073984028369645,0.844618453169191,0.9045167857928688,0.9425451119189593,0.917860291970665,0.9157520555128027,0.9091080614807241,0.9024620972408812,0.9309205794523159
Spearman USD,0.9594861660079053,0.9634387351778656,0.9631826338027146,0.9476284584980237,0.958498023715415,0.9703557312252965,0.9762845849802372,0.9565217391304348,0.9394613580600105,0.9693675889328063
Pearson ETH,0.9504234718346923,0.9473402940041594,0.8695870351579588,0.9343124083582294,0.9489828326165698,0.952987321103993,0.9477237168546548,0.953239588295434,0.9489128787578682,0.9503611409878965
Spearman ETH,0.9594861660079053,0.9535573122529646,0.9409439377939295,0.941699604743083,0.9535573122529646,0.9604743083003953,0.9713438735177865,0.9713438735177865,0.9364961985921725,0.9693675889328063
